url_path,views_total,views_unique
/EarthSciML/Aerosol.jl/blob/main/src/isorropia/species.jl,10,2
/EarthSciML/Aerosol.jl,8,4
/EarthSciML/Aerosol.jl/blob/9d0cbab80f74410e41dadd4362029160c2775174/src/isorropia/isorropia.jl,7,1
/EarthSciML/Aerosol.jl/blob/main/src/Aerosol.jl,6,2
/EarthSciML/Aerosol.jl/blob/main/src/isorropia/reactions.jl,6,2
/EarthSciML/Aerosol.jl/tree/main/src,6,2
/EarthSciML/Aerosol.jl/tree/main/src/isorropia,6,2
/EarthSciML/Aerosol.jl/blob/main/src/isorropia/aqueous.jl,6,1
/EarthSciML/Aerosol.jl/blob/main/src/isorropia/gas.jl,6,1
/EarthSciML/Aerosol.jl/blob/main/src/isorropia/solid.jl,6,1
